Index,start_lat,start_lon,end_lat,end_lon
1,40.183077,-74.700908,40.137504,-74.587685
2,40.137504,-74.587685,39.770239,-74.389082
3,39.770239,-74.389082,39.596265,-74.390156
4,39.596265,-74.390156,39.544484,-74.436619
5,39.544484,-74.436619,39.9947,75.048262
6,39.9947,75.048262,40.183077,-74.700908
